,advancements_50,advancements_25
0,0.29032399078274423,0.28915690380198794
