,out_0,out_1,prediction,offset
0,3e-45,1.0,1,15
1,0.0,1.0,1,16
2,0.0,1.0,1,17
3,0.0,1.0,1,18
4,0.0,1.0,1,19
5,4.5332452e-08,1.0,1,20
6,0.081812695,0.9181873,1,21
7,0.19751452,0.8024855,1,22
8,1.0,8.615235e-11,0,23
9,0.9904965,0.009503458,0,24
